{
	"animations": {},
	"model": {
		"groups": {
			"bone8": {
				"origin": [0, -8, 1],
				"parent": "bone7",
				"cubes": [
					{
						"origin": [0, -8, 1],
						"from": [4, 3, 4],
						"size": [3, 8, 8],
						"uvs": {
							"front": [30, 49, 33, 57],
							"back": [41, 49, 44, 57],
							"right": [22, 49, 30, 57],
							"left": [33, 49, 41, 57],
							"bottom": [33, 49, 36, 41],
							"top": [30, 41, 33, 49]
						}
					}
				]
			},
			"bone7": {
				"origin": [5.5, 11, 4],
				"parent": "right_leg",
				"cubes": [
					{
						"origin": [0, -8, 1],
						"from": [4.5, 1, 4.001],
						"size": [2, 2, 2],
						"uvs": {
							"front": [30, 7, 32, 9],
							"back": [34, 7, 36, 9],
							"right": [28, 7, 30, 9],
							"left": [32, 7, 34, 9],
							"bottom": [32, 7, 34, 5],
							"top": [30, 5, 32, 7]
						}
					}
				]
			},
			"right_leg": {
				"origin": [4, 7, 8],
				"parent": "bone",
				"cubes": [
					{
						"origin": [0, -8, 1],
						"from": [4.5, 0, 1],
						"size": [2, 1, 5],
						"uvs": {
							"front": [19, 44, 21, 45],
							"back": [26, 44, 28, 45],
							"right": [14, 44, 19, 45],
							"left": [21, 44, 26, 45],
							"bottom": [21, 44, 23, 39],
							"top": [19, 39, 21, 44]
						}
					}
				]
			},
			"bone11": {
				"origin": [-11, -8, 1],
				"parent": "bone10",
				"cubes": [
					{
						"origin": [-11, -8, 1],
						"from": [-7, 3, 4],
						"size": [3, 8, 8],
						"uvs": {
							"front": [8, 47, 11, 55],
							"back": [19, 47, 22, 55],
							"right": [0, 47, 8, 55],
							"left": [11, 47, 19, 55],
							"bottom": [11, 47, 14, 39],
							"top": [8, 39, 11, 47]
						}
					}
				]
			},
			"bone10": {
				"origin": [-11, -8, 1],
				"parent": "left_leg",
				"cubes": [
					{
						"origin": [-11, -8, 1],
						"from": [-6.5, 1, 4.001],
						"size": [2, 2, 2],
						"uvs": {
							"front": [2, 28, 4, 30],
							"back": [6, 28, 8, 30],
							"right": [0, 28, 2, 30],
							"left": [4, 28, 6, 30],
							"bottom": [4, 28, 6, 26],
							"top": [2, 26, 4, 28]
						}
					}
				]
			},
			"left_leg": {
				"origin": [-4, 7, 8],
				"parent": "bone",
				"cubes": [
					{
						"origin": [-11, -8, 1],
						"from": [-6.5, 0, 1],
						"size": [2, 1, 5],
						"uvs": {
							"front": [29, 27, 31, 28],
							"back": [36, 27, 38, 28],
							"right": [24, 27, 29, 28],
							"left": [31, 27, 36, 28],
							"bottom": [31, 27, 33, 22],
							"top": [29, 22, 31, 27]
						}
					}
				]
			},
			"bone14": {
				"origin": [0.5, -7, 0],
				"parent": "bone13",
				"cubes": [
					{
						"origin": [0.5, -8, 0],
						"from": [3.5, 0, -9],
						"size": [2, 1, 3],
						"uvs": {
							"front": [52, 42, 54, 43],
							"back": [57, 42, 59, 43],
							"right": [49, 42, 52, 43],
							"left": [54, 42, 57, 43],
							"bottom": [54, 42, 56, 39],
							"top": [52, 39, 54, 42]
						}
					}
				]
			},
			"bone13": {
				"origin": [0.5, -8, 0],
				"parent": "right_leggy",
				"cubes": [
					{
						"origin": [0.5, -7, 0],
						"from": [3.5, 1, -8],
						"size": [2, 4, 2],
						"uvs": {
							"front": [2, 41, 4, 45],
							"back": [6, 41, 8, 45],
							"right": [0, 41, 2, 45],
							"left": [4, 41, 6, 45],
							"bottom": [4, 41, 6, 39],
							"top": [2, 39, 4, 41]
						}
					}
				]
			},
			"right_leggy": {
				"origin": [0.5, 7.6, -8],
				"parent": "bone",
				"cubes": [
					{
						"origin": [0.5, 0, 0],
						"from": [3.5, 5, -10],
						"size": [2, 5, 4],
						"uvs": {
							"front": [46, 4, 48, 9],
							"back": [52, 4, 54, 9],
							"right": [42, 4, 46, 9],
							"left": [48, 4, 52, 9],
							"bottom": [48, 4, 50, 0],
							"top": [46, 0, 48, 4]
						}
					}
				]
			},
			"bone9": {
				"origin": [-8.5, -7, 0],
				"parent": "bone6",
				"cubes": [
					{
						"origin": [-8.5, -8, 0],
						"from": [-5.5, 0, -9],
						"size": [2, 1, 3],
						"uvs": {
							"front": [52, 12, 54, 13],
							"back": [57, 12, 59, 13],
							"right": [49, 12, 52, 13],
							"left": [54, 12, 57, 13],
							"bottom": [54, 12, 56, 9],
							"top": [52, 9, 54, 12]
						}
					}
				]
			},
			"bone6": {
				"origin": [-8.5, -8, 0],
				"parent": "right_leggy2",
				"cubes": [
					{
						"origin": [-8.5, -7, 0],
						"from": [-5.5, 1, -8],
						"size": [2, 4, 2],
						"uvs": {
							"front": [40, 29, 42, 33],
							"back": [44, 29, 46, 33],
							"right": [38, 29, 40, 33],
							"left": [42, 29, 44, 33],
							"bottom": [42, 29, 44, 27],
							"top": [40, 27, 42, 29]
						}
					}
				]
			},
			"right_leggy2": {
				"origin": [-8.5, 7.6, -8],
				"parent": "bone",
				"cubes": [
					{
						"origin": [-8.5, 0, 0],
						"from": [-5.5, 5, -10],
						"size": [2, 5, 4],
						"uvs": {
							"front": [4, 4, 6, 9],
							"back": [10, 4, 12, 9],
							"right": [0, 4, 4, 9],
							"left": [6, 4, 10, 9],
							"bottom": [6, 4, 8, 0],
							"top": [4, 0, 6, 4]
						}
					}
				]
			},
			"bone5": {
				"origin": [0, 19.9, -27.5],
				"parent": "bone4",
				"cubes": [
					{
						"origin": [0, -7, 0],
						"from": [-3, 6, -19],
						"size": [6, 6, 7],
						"uvs": {
							"front": [40, 21, 46, 27],
							"back": [53, 21, 59, 27],
							"right": [33, 21, 40, 27],
							"left": [46, 21, 53, 27],
							"bottom": [46, 21, 52, 14],
							"top": [40, 14, 46, 21]
						}
					},
					{
						"origin": [0, -7, 0],
						"from": [-2.5, 6, -22],
						"size": [5, 4, 3],
						"uvs": {
							"front": [39, 44, 44, 48],
							"back": [47, 44, 52, 48],
							"right": [36, 44, 39, 48],
							"left": [44, 44, 47, 48],
							"bottom": [44, 44, 49, 41],
							"top": [39, 41, 44, 44]
						}
					},
					{
						"origin": [2, 11, -13],
						"from": [1, 10, -14],
						"size": [4, 4, 0],
						"rotate": [0, -22.5, 0],
						"uvs": {
							"front": [50, 0, 54, 4],
							"back": [54, 0, 58, 4],
							"right": [50, 0, 50, 4],
							"left": [54, 0, 54, 4],
							"bottom": [54, 0, 58, 0],
							"top": [50, 0, 54, 0]
						}
					},
					{
						"origin": [-2, 11, -13],
						"from": [-5, 10, -14],
						"size": [4, 4, 0],
						"rotate": [0, 22.5, 0],
						"uvs": {
							"front": [22, 45, 26, 49],
							"back": [26, 45, 30, 49],
							"right": [22, 45, 22, 49],
							"left": [26, 45, 26, 49],
							"bottom": [26, 45, 30, 45],
							"top": [22, 45, 26, 45]
						}
					}
				]
			},
			"bone4": {
				"origin": [0, 19.5, -25.6],
				"parent": "bone3",
				"cubes": [
					{
						"origin": [0, -7, 0],
						"from": [-2, 6, -12],
						"size": [4, 5, 2],
						"uvs": {
							"front": [46, 50, 50, 55],
							"back": [52, 50, 56, 55],
							"right": [44, 50, 46, 55],
							"left": [50, 50, 52, 55],
							"bottom": [50, 50, 54, 48],
							"top": [46, 48, 50, 50]
						}
					}
				]
			},
			"bone3": {
				"origin": [0, 19.4, -15.5],
				"parent": "bone2",
				"cubes": [
					{
						"origin": [0, -7, 0],
						"from": [-3.5, 5, -10],
						"size": [7, 8, 10],
						"uvs": {
							"front": [10, 31, 17, 39],
							"back": [27, 31, 34, 39],
							"right": [0, 31, 10, 39],
							"left": [17, 31, 27, 39],
							"bottom": [17, 31, 24, 21],
							"top": [10, 21, 17, 31]
						}
					}
				]
			},
			"bone16": {
				"origin": [0, 8.9, 12],
				"parent": "bone15",
				"cubes": [
					{
						"origin": [-0.6, 5.5, 42],
						"from": [-1.04, 8.46, 31],
						"size": [2, 2, 11],
						"uvs": {
							"front": [34, 39, 36, 41],
							"back": [47, 39, 49, 41],
							"right": [23, 39, 34, 41],
							"left": [36, 39, 47, 41],
							"bottom": [36, 39, 38, 28],
							"top": [34, 28, 36, 39]
						}
					}
				]
			},
			"bone15": {
				"origin": [0, 8.9, 12],
				"parent": "bone12",
				"cubes": [
					{
						"origin": [-0.8, 5.2, 33],
						"from": [-1.05, 8.45, 21],
						"size": [2, 2, 10],
						"uvs": {
							"front": [38, 10, 40, 12],
							"back": [50, 10, 52, 12],
							"right": [28, 10, 38, 12],
							"left": [40, 10, 50, 12],
							"bottom": [40, 10, 42, 0],
							"top": [38, 0, 40, 10]
						}
					}
				]
			},
			"bone12": {
				"origin": [0, 8.9, 12],
				"parent": "bone2",
				"cubes": [
					{
						"origin": [-0.5, 4.9, 24],
						"from": [-1.5, 7.9, 12],
						"size": [3, 3, 9],
						"uvs": {
							"front": [47, 36, 50, 39],
							"back": [59, 36, 62, 39],
							"right": [38, 36, 47, 39],
							"left": [50, 36, 59, 39],
							"bottom": [50, 36, 53, 27],
							"top": [47, 27, 50, 36]
						}
					}
				]
			},
			"bone2": {
				"origin": [0, 8.9, 12],
				"parent": "bone",
				"cubes": [
					{
						"origin": [0, -7, 0],
						"from": [-4, 5, 0],
						"size": [8, 9, 12],
						"uvs": {
							"front": [12, 12, 20, 21],
							"back": [32, 12, 40, 21],
							"right": [0, 12, 12, 21],
							"left": [20, 12, 32, 21],
							"bottom": [20, 12, 28, 0],
							"top": [12, 0, 20, 12]
						}
					}
				]
			},
			"bone": {
				"origin": [0, 0, 0]
			}
		},
		"texture": [64, 64]
	}
}