{
	"animations": {},
	"model": {
		"groups": {
			"Nose": {
				"origin": [0, 0, 0],
				"cubes": [
					{
						"origin": [0, 0, 0],
						"from": [-2, 1.5, -5],
						"size": [1, 1, 1],
						"uvs": {
							"front": [12, 22, 14, 24],
							"back": [14, 22, 16, 24],
							"right": [22, 12, 24, 14],
							"left": [22, 14, 24, 16],
							"bottom": [22, 18, 24, 16],
							"top": [16, 22, 18, 24]
						}
					}
				]
			},
			"body": {
				"origin": [0, 0, 0],
				"cubes": [
					{
						"origin": [0, 0, 0],
						"from": [-3, 1, -4],
						"size": [3, 3, 6],
						"uvs": {
							"front": [6, 12, 12, 18],
							"back": [12, 12, 18, 18],
							"right": [0, 0, 12, 6],
							"left": [0, 6, 12, 12],
							"bottom": [12, 12, 18, 0],
							"top": [0, 12, 6, 24]
						}
					}
				]
			},
			"LegBackLeft": {
				"origin": [0, 0, 0],
				"cubes": [
					{
						"origin": [0, 0, 0],
						"from": [-1, 0, 0],
						"size": [1, 2, 1],
						"uvs": {
							"front": [10, 18, 12, 22],
							"back": [18, 12, 20, 16],
							"right": [12, 18, 14, 22],
							"left": [14, 18, 16, 22],
							"bottom": [22, 22, 24, 20],
							"top": [22, 18, 24, 20]
						}
					}
				]
			},
			"LegFrontLeft": {
				"origin": [0, 0, 0],
				"cubes": [
					{
						"origin": [0, 0, 0],
						"from": [-1, 0, -3],
						"size": [1, 2, 1],
						"uvs": {
							"front": [16, 18, 18, 22],
							"back": [20, 12, 22, 16],
							"right": [18, 16, 20, 20],
							"left": [20, 16, 22, 20],
							"bottom": [0, 26, 2, 24],
							"top": [22, 22, 24, 24]
						}
					}
				]
			},
			"LegBackRight": {
				"origin": [-3, 0, 0],
				"cubes": [
					{
						"origin": [0, 0, 0],
						"from": [-3, 0, 0],
						"size": [1, 2, 1],
						"uvs": {
							"front": [6, 22, 8, 26],
							"back": [22, 8, 24, 12],
							"right": [8, 22, 10, 26],
							"left": [10, 22, 12, 26],
							"bottom": [4, 26, 6, 24],
							"top": [24, 2, 26, 4]
						}
					}
				]
			},
			"LegFrontRight": {
				"origin": [-3, 0, -3],
				"cubes": [
					{
						"origin": [0, 0, 0],
						"from": [-3, 0, -3],
						"size": [1, 2, 1],
						"uvs": {
							"front": [18, 20, 20, 24],
							"back": [22, 0, 24, 4],
							"right": [20, 20, 22, 24],
							"left": [22, 4, 24, 8],
							"bottom": [2, 26, 4, 24],
							"top": [24, 0, 26, 2]
						}
					}
				]
			},
			"EarRight": {
				"origin": [0, 0, 0],
				"cubes": [
					{
						"origin": [0, 0, 0],
						"from": [-4, 3, -2],
						"size": [2, 2, 0],
						"uvs": {
							"front": [6, 18, 10, 22],
							"back": [18, 8, 22, 12],
							"right": [0, 0, 0, 4],
							"left": [0, 0, 0, 4],
							"bottom": [0, 0, 4, 0],
							"top": [0, 0, 4, 0]
						}
					}
				]
			},
			"EarLeft": {
				"origin": [0, 0, 0],
				"cubes": [
					{
						"origin": [0, 0, 0],
						"from": [-1, 3, -2],
						"size": [2, 2, 0],
						"uvs": {
							"front": [18, 0, 22, 4],
							"back": [10, 0, 4, 6],
							"right": [0, 0, 0, 4],
							"left": [0, 0, 0, 4],
							"bottom": [0, 0, 4, 0],
							"top": [0, 0, 4, 0]
						}
					}
				]
			},
			"Eyeleft": {
				"origin": [0, 0, 0],
				"cubes": [
					{
						"origin": [0, 0, 0],
						"from": [-1, 2, -4.2],
						"size": [0.5, 1, 0.25],
						"uvs": {
							"front": [24.5, 10.5, 27, 15.5],
							"back": [24, 4, 26.5, 9],
							"right": [24, 4, 26.5, 9],
							"left": [24, 4, 26.5, 9],
							"bottom": [26.5, 9, 24, 4],
							"top": [26.5, 9, 24, 4]
						}
					}
				]
			},
			"eyeright": {
				"origin": [0, 0, 0],
				"cubes": [
					{
						"origin": [0, 0, 0],
						"from": [-2.5, 2, -4.2],
						"size": [0.5, 1, 0.25],
						"uvs": {
							"front": [27, 10.5, 24.5, 15.5],
							"back": [27, 4.5, 24.5, 9.5],
							"right": [27, 4.5, 24.5, 9.5],
							"left": [27, 4.5, 24.5, 9.5],
							"bottom": [24.5, 9.5, 27, 4.5],
							"top": [24.5, 9.5, 27, 4.5]
						}
					}
				]
			}
		},
		"texture": [32, 32]
	}
}